iso3,indicator,year,value
SAU,NY.GDP.PETR.RT.ZS,2021,23.6862940574499
SAU,NY.GDP.PETR.RT.ZS,2020,15.9789107766923
SAU,NY.GDP.PETR.RT.ZS,2019,24.3295780055005
SAU,NY.GDP.PETR.RT.ZS,2018,28.0842811588989
SAU,NY.GDP.PETR.RT.ZS,2017,23.6170719123709
SAU,NY.GDP.PETR.RT.ZS,2016,20.0051771356735
SAU,NY.GDP.PETR.RT.ZS,2015,23.9567993223384
SAU,NY.GDP.PETR.RT.ZS,2014,40.3219689900701
SAU,NY.GDP.PETR.RT.ZS,2013,44.4564985480281
SAU,NY.GDP.PETR.RT.ZS,2012,47.4093852263553
SAU,BX.KLT.DINV.WD.GD.ZS,2025,2.55517254024168
SAU,BX.KLT.DINV.WD.GD.ZS,2024,1.70136894275871
SAU,BX.KLT.DINV.WD.GD.ZS,2023,1.87130991298946
SAU,BX.KLT.DINV.WD.GD.ZS,2022,2.1556449627378
SAU,BX.KLT.DINV.WD.GD.ZS,2021,2.8850612174452
SAU,BX.KLT.DINV.WD.GD.ZS,2020,0.211115523412857
SAU,BX.KLT.DINV.WD.GD.ZS,2019,0.346411455797861
SAU,BX.KLT.DINV.WD.GD.ZS,2018,1.36945683303735
SAU,BX.KLT.DINV.WD.GD.ZS,2017,0.136801407151884
SAU,BX.KLT.DINV.WD.GD.ZS,2016,3.18518611850268
SAU,NY.GDP.MKTP.CD,2025,1276942933333.33
SAU,NY.GDP.MKTP.CD,2024,1254140800000
SAU,NY.GDP.MKTP.CD,2023,1218584800000
SAU,NY.GDP.MKTP.CD,2022,1239075200000
SAU,NY.GDP.MKTP.CD,2021,982661066666.667
SAU,NY.GDP.MKTP.CD,2020,767951200000
SAU,NY.GDP.MKTP.CD,2019,888890133333.333
SAU,NY.GDP.MKTP.CD,2018,886564800000
SAU,NY.GDP.MKTP.CD,2017,741266133333.333
SAU,NY.GDP.MKTP.CD,2016,689279466666.667
ARE,NY.GDP.PETR.RT.ZS,2021,15.6730945329946
ARE,NY.GDP.PETR.RT.ZS,2020,10.4940977026696
ARE,NY.GDP.PETR.RT.ZS,2019,15.681591549088
ARE,NY.GDP.PETR.RT.ZS,2018,17.0989945007163
ARE,NY.GDP.PETR.RT.ZS,2017,13.4985731745503
ARE,NY.GDP.PETR.RT.ZS,2016,11.0807563620506
ARE,NY.GDP.PETR.RT.ZS,2015,13.1025344354216
ARE,NY.GDP.PETR.RT.ZS,2014,22.9458647037024
ARE,NY.GDP.PETR.RT.ZS,2013,26.2480640478396
ARE,NY.GDP.PETR.RT.ZS,2012,27.0648520266069
ARE,BX.KLT.DINV.WD.GD.ZS,2024,8.26261604873876
ARE,BX.KLT.DINV.WD.GD.ZS,2023,5.87183983564899
ARE,BX.KLT.DINV.WD.GD.ZS,2022,4.44591398367961
ARE,BX.KLT.DINV.WD.GD.ZS,2021,4.89230595097426
ARE,BX.KLT.DINV.WD.GD.ZS,2020,5.56735667729859
ARE,BX.KLT.DINV.WD.GD.ZS,2019,4.11928554446951
ARE,BX.KLT.DINV.WD.GD.ZS,2018,2.35729206588897
ARE,BX.KLT.DINV.WD.GD.ZS,2017,2.5669608321193
ARE,BX.KLT.DINV.WD.GD.ZS,2016,2.51620120421066
ARE,BX.KLT.DINV.WD.GD.ZS,2015,2.23861341413826
ARE,NY.GDP.MKTP.CD,2024,552324919095.872
ARE,NY.GDP.MKTP.CD,2023,522622268401.125
ARE,NY.GDP.MKTP.CD,2022,511403404642.173
ARE,NY.GDP.MKTP.CD,2021,422441282436.237
ARE,NY.GDP.MKTP.CD,2020,357161776271.328
ARE,NY.GDP.MKTP.CD,2019,433926218686.108
ARE,NY.GDP.MKTP.CD,2018,440560003161.236
ARE,NY.GDP.MKTP.CD,2017,403365056078.846
ARE,NY.GDP.MKTP.CD,2016,381717208620.964
ARE,NY.GDP.MKTP.CD,2015,381973135513.065
QAT,NY.GDP.PETR.RT.ZS,2021,15.2784667126988
QAT,NY.GDP.PETR.RT.ZS,2020,10.5957303632833
QAT,NY.GDP.PETR.RT.ZS,2019,14.5084244384971
QAT,NY.GDP.PETR.RT.ZS,2018,16.2911609453974
QAT,NY.GDP.PETR.RT.ZS,2017,13.5394624768111
QAT,NY.GDP.PETR.RT.ZS,2016,11.1615579117458
QAT,NY.GDP.PETR.RT.ZS,2015,13.0300594635573
QAT,NY.GDP.PETR.RT.ZS,2014,21.5388184142326
QAT,NY.GDP.PETR.RT.ZS,2013,25.3595869913171
QAT,NY.GDP.PETR.RT.ZS,2012,28.3389822463275
QAT,BX.KLT.DINV.WD.GD.ZS,2025,1.40702006150615
QAT,BX.KLT.DINV.WD.GD.ZS,2024,0.212749202349259
QAT,BX.KLT.DINV.WD.GD.ZS,2023,-0.222614821674707
QAT,BX.KLT.DINV.WD.GD.ZS,2022,0.0322850616403459
QAT,BX.KLT.DINV.WD.GD.ZS,2021,-0.608353846418717
QAT,BX.KLT.DINV.WD.GD.ZS,2020,-1.68550858988767
QAT,BX.KLT.DINV.WD.GD.ZS,2019,-1.59472537643955
QAT,BX.KLT.DINV.WD.GD.ZS,2018,-1.19249695201383
QAT,BX.KLT.DINV.WD.GD.ZS,2017,0.612038723345893
QAT,BX.KLT.DINV.WD.GD.ZS,2016,0.510044137883475
QAT,NY.GDP.MKTP.CD,2025,215559615384.615
QAT,NY.GDP.MKTP.CD,2024,216294505494.505
QAT,NY.GDP.MKTP.CD,2023,213002809340.659
QAT,NY.GDP.MKTP.CD,2022,235709325714.286
QAT,NY.GDP.MKTP.CD,2021,179732009560.44
QAT,NY.GDP.MKTP.CD,2020,144411363351.648
QAT,NY.GDP.MKTP.CD,2019,176371267692.308
QAT,NY.GDP.MKTP.CD,2018,183334953818.681
QAT,NY.GDP.MKTP.CD,2017,161099122225.275
QAT,NY.GDP.MKTP.CD,2016,151732181868.132
BHR,NY.GDP.PETR.RT.ZS,2021,10.9376756365994
BHR,NY.GDP.PETR.RT.ZS,2020,6.69558923237194
BHR,NY.GDP.PETR.RT.ZS,2019,9.8481886760226
BHR,NY.GDP.PETR.RT.ZS,2018,11.3900811220261
BHR,NY.GDP.PETR.RT.ZS,2017,8.93795259727704
BHR,NY.GDP.PETR.RT.ZS,2016,7.62960432748572
BHR,NY.GDP.PETR.RT.ZS,2015,9.82474436918962
BHR,NY.GDP.PETR.RT.ZS,2014,18.8709266924557
BHR,NY.GDP.PETR.RT.ZS,2013,20.8660137007827
BHR,NY.GDP.PETR.RT.ZS,2012,20.0940234657871
BHR,BX.KLT.DINV.WD.GD.ZS,2024,5.72467195311559
BHR,BX.KLT.DINV.WD.GD.ZS,2023,15.6428756083644
BHR,BX.KLT.DINV.WD.GD.ZS,2022,4.20018456310523
BHR,BX.KLT.DINV.WD.GD.ZS,2021,4.3566259787756
BHR,BX.KLT.DINV.WD.GD.ZS,2020,2.84973228101032
BHR,BX.KLT.DINV.WD.GD.ZS,2019,2.32837980010521
BHR,BX.KLT.DINV.WD.GD.ZS,2018,4.18079308703845
BHR,BX.KLT.DINV.WD.GD.ZS,2017,3.83300891199591
BHR,BX.KLT.DINV.WD.GD.ZS,2016,0.718174283238518
BHR,BX.KLT.DINV.WD.GD.ZS,2015,0.199529633421541
BHR,NY.GDP.MKTP.CD,2025,48965725531.9149
BHR,NY.GDP.MKTP.CD,2024,47210732712.766
BHR,NY.GDP.MKTP.CD,2023,46192260638.2979
BHR,NY.GDP.MKTP.CD,2022,46458191489.3617
BHR,NY.GDP.MKTP.CD,2021,40840212765.9574
BHR,NY.GDP.MKTP.CD,2020,35837632978.7234
BHR,NY.GDP.MKTP.CD,2019,40446808510.6383
BHR,NY.GDP.MKTP.CD,2018,39567978723.4043
BHR,NY.GDP.MKTP.CD,2017,37204813829.7872
BHR,NY.GDP.MKTP.CD,2016,33884680851.0638
KWT,NY.GDP.PETR.RT.ZS,2020,27.5816891390019
KWT,NY.GDP.PETR.RT.ZS,2019,38.6553473115018
KWT,NY.GDP.PETR.RT.ZS,2018,44.0490671354298
KWT,NY.GDP.PETR.RT.ZS,2017,36.0090908245608
KWT,NY.GDP.PETR.RT.ZS,2016,31.6732106195044
KWT,NY.GDP.PETR.RT.ZS,2015,36.4482994431389
KWT,NY.GDP.PETR.RT.ZS,2014,53.239569150436
KWT,NY.GDP.PETR.RT.ZS,2013,55.5579394462588
KWT,NY.GDP.PETR.RT.ZS,2012,57.4129637304674
KWT,NY.GDP.PETR.RT.ZS,2011,58.3689295808333
KWT,BX.KLT.DINV.WD.GD.ZS,2025,0.262764598716339
KWT,BX.KLT.DINV.WD.GD.ZS,2024,0.381956730773215
KWT,BX.KLT.DINV.WD.GD.ZS,2023,1.277994317906
KWT,BX.KLT.DINV.WD.GD.ZS,2022,0.409943823254394
KWT,BX.KLT.DINV.WD.GD.ZS,2021,-0.183575378772919
KWT,BX.KLT.DINV.WD.GD.ZS,2020,-0.502546857177858
KWT,BX.KLT.DINV.WD.GD.ZS,2019,0.366059041832984
KWT,BX.KLT.DINV.WD.GD.ZS,2018,-0.0154187787915342
KWT,BX.KLT.DINV.WD.GD.ZS,2017,0.0936402094114043
KWT,BX.KLT.DINV.WD.GD.ZS,2016,0.266918369047007
KWT,NY.GDP.MKTP.CD,2025,157209026926.418
KWT,NY.GDP.MKTP.CD,2024,160903106639.233
KWT,NY.GDP.MKTP.CD,2023,165462656226.772
KWT,NY.GDP.MKTP.CD,2022,183502046693.878
KWT,NY.GDP.MKTP.CD,2021,148350671489.144
KWT,NY.GDP.MKTP.CD,2020,111045470605.715
KWT,NY.GDP.MKTP.CD,2019,140856394860.529
KWT,NY.GDP.MKTP.CD,2018,138646316350.727
KWT,NY.GDP.MKTP.CD,2017,120687539805.505
KWT,NY.GDP.MKTP.CD,2016,109406674124.652
OMN,NY.GDP.PETR.RT.ZS,2021,23.5387435070386
OMN,NY.GDP.PETR.RT.ZS,2020,14.994277961787
OMN,NY.GDP.PETR.RT.ZS,2019,21.6117797561797
OMN,NY.GDP.PETR.RT.ZS,2018,23.7087990780384
OMN,NY.GDP.PETR.RT.ZS,2017,19.3050063067708
OMN,NY.GDP.PETR.RT.ZS,2016,16.2724873177614
OMN,NY.GDP.PETR.RT.ZS,2015,18.8680645519097
OMN,NY.GDP.PETR.RT.ZS,2014,31.6791185960483
OMN,NY.GDP.PETR.RT.ZS,2013,35.9895065337986
OMN,NY.GDP.PETR.RT.ZS,2012,37.5396768679582
OMN,BX.KLT.DINV.WD.GD.ZS,2024,11.6351181598926
OMN,BX.KLT.DINV.WD.GD.ZS,2023,11.8157929128229
OMN,BX.KLT.DINV.WD.GD.ZS,2022,6.25544528201825
OMN,BX.KLT.DINV.WD.GD.ZS,2021,10.015189421015
OMN,BX.KLT.DINV.WD.GD.ZS,2020,2.51548624054379
OMN,BX.KLT.DINV.WD.GD.ZS,2019,2.26908923371353
OMN,BX.KLT.DINV.WD.GD.ZS,2018,6.12067985447931
OMN,BX.KLT.DINV.WD.GD.ZS,2017,3.56005583896762
OMN,BX.KLT.DINV.WD.GD.ZS,2016,3.01624952400734
OMN,BX.KLT.DINV.WD.GD.ZS,2015,-2.76001757846703
OMN,NY.GDP.MKTP.CD,2025,109604780696.23
OMN,NY.GDP.MKTP.CD,2024,107137198699.61
OMN,NY.GDP.MKTP.CD,2023,106174707932.38
OMN,NY.GDP.MKTP.CD,2022,109852795838.752
OMN,NY.GDP.MKTP.CD,2021,87323797139.1417
OMN,NY.GDP.MKTP.CD,2020,75909492847.8544
OMN,NY.GDP.MKTP.CD,2019,88060858257.4772
OMN,NY.GDP.MKTP.CD,2018,91505851755.5267
OMN,NY.GDP.MKTP.CD,2017,80856697009.1027
OMN,NY.GDP.MKTP.CD,2016,75128738621.5865
PAK,NY.GDP.PETR.RT.ZS,2021,0.380197434318265
PAK,NY.GDP.PETR.RT.ZS,2020,0.159470063577414
PAK,NY.GDP.PETR.RT.ZS,2019,0.358191529536938
PAK,NY.GDP.PETR.RT.ZS,2018,0.443490416507805
PAK,NY.GDP.PETR.RT.ZS,2017,0.300559741011292
PAK,NY.GDP.PETR.RT.ZS,2016,0.187153081394228
PAK,NY.GDP.PETR.RT.ZS,2015,0.333804259360431
PAK,NY.GDP.PETR.RT.ZS,2014,0.93400190583338
PAK,NY.GDP.PETR.RT.ZS,2013,1.06026413011729
PAK,NY.GDP.PETR.RT.ZS,2012,1.0633112529615
PAK,NY.GDP.MKTP.CD,2025,407307214476.222
PAK,NY.GDP.MKTP.CD,2024,371747087751.306
PAK,NY.GDP.MKTP.CD,2023,336686348609.266
PAK,NY.GDP.MKTP.CD,2022,374890295666.694
PAK,NY.GDP.MKTP.CD,2021,348516647445.148
PAK,NY.GDP.MKTP.CD,2020,300425609817.981
PAK,NY.GDP.MKTP.CD,2019,320909472770.669
PAK,NY.GDP.MKTP.CD,2018,356128166704.921
PAK,NY.GDP.MKTP.CD,2017,339205534861.1
PAK,NY.GDP.MKTP.CD,2016,313630000130.435
TUR,NY.GDP.PETR.RT.ZS,2021,0.13797082409881
TUR,NY.GDP.PETR.RT.ZS,2020,0.0612400945022421
TUR,NY.GDP.PETR.RT.ZS,2019,0.102518297949539
TUR,NY.GDP.PETR.RT.ZS,2018,0.108111878645291
TUR,NY.GDP.PETR.RT.ZS,2017,0.0537573237557546
TUR,NY.GDP.PETR.RT.ZS,2016,0.0349237617230731
TUR,NY.GDP.PETR.RT.ZS,2015,0.0446861002184748
TUR,NY.GDP.PETR.RT.ZS,2014,0.0944984501615984
TUR,NY.GDP.PETR.RT.ZS,2013,0.0974218835401561
TUR,NY.GDP.PETR.RT.ZS,2012,0.111617756938834
TUR,BX.KLT.DINV.WD.GD.ZS,2024,0.860701598247461
TUR,BX.KLT.DINV.WD.GD.ZS,2023,0.933806495534912
TUR,BX.KLT.DINV.WD.GD.ZS,2022,1.48839623728753
TUR,BX.KLT.DINV.WD.GD.ZS,2021,1.50891969619413
TUR,BX.KLT.DINV.WD.GD.ZS,2020,1.02531493703228
TUR,BX.KLT.DINV.WD.GD.ZS,2019,1.22536076199392
TUR,BX.KLT.DINV.WD.GD.ZS,2018,1.57923380202967
TUR,BX.KLT.DINV.WD.GD.ZS,2017,1.29532700760314
TUR,BX.KLT.DINV.WD.GD.ZS,2016,1.58873607703875
TUR,BX.KLT.DINV.WD.GD.ZS,2015,2.225752648523
TUR,NY.GDP.MKTP.CD,2025,1597293229287
TUR,NY.GDP.MKTP.CD,2024,1359123768774.12
TUR,NY.GDP.MKTP.CD,2023,1141242864657.45
TUR,NY.GDP.MKTP.CD,2022,926097476913.818
TUR,NY.GDP.MKTP.CD,2021,839938668172.134
TUR,NY.GDP.MKTP.CD,2020,733628247119.077
TUR,NY.GDP.MKTP.CD,2019,775853144222.613
TUR,NY.GDP.MKTP.CD,2018,788356985773.667
TUR,NY.GDP.MKTP.CD,2017,863874522365.276
TUR,NY.GDP.MKTP.CD,2016,870818016909.84
ISR,NY.GDP.PETR.RT.ZS,2021,0.0115224616168168
ISR,NY.GDP.PETR.RT.ZS,2020,0.00760868223036897
ISR,NY.GDP.PETR.RT.ZS,2019,0.00826237494176303
ISR,NY.GDP.PETR.RT.ZS,2018,0.00878768893694255
ISR,NY.GDP.PETR.RT.ZS,2017,0.00582932455005827
ISR,NY.GDP.PETR.RT.ZS,2016,0.00738204032323747
ISR,NY.GDP.PETR.RT.ZS,2015,0.00644720440273846
ISR,NY.GDP.PETR.RT.ZS,2014,0.0117966062119145
ISR,NY.GDP.PETR.RT.ZS,2013,0.0118850270586983
ISR,NY.GDP.PETR.RT.ZS,2012,0.00329138463969431
ISR,BX.KLT.DINV.WD.GD.ZS,2025,4.29339412127743
ISR,BX.KLT.DINV.WD.GD.ZS,2024,2.7251194069041
ISR,BX.KLT.DINV.WD.GD.ZS,2023,3.14968991459396
ISR,BX.KLT.DINV.WD.GD.ZS,2022,4.35745092445992
ISR,BX.KLT.DINV.WD.GD.ZS,2021,3.86941902029446
ISR,BX.KLT.DINV.WD.GD.ZS,2020,5.10300458684
ISR,BX.KLT.DINV.WD.GD.ZS,2019,4.34923898223678
ISR,BX.KLT.DINV.WD.GD.ZS,2018,5.73001193313582
ISR,BX.KLT.DINV.WD.GD.ZS,2017,4.72701516315835
ISR,BX.KLT.DINV.WD.GD.ZS,2016,3.73360294740648
ISR,NY.GDP.MKTP.CD,2025,610777842873.595
ISR,NY.GDP.MKTP.CD,2024,542284494490.778
ISR,NY.GDP.MKTP.CD,2023,513393395491.904
ISR,NY.GDP.MKTP.CD,2022,525157951212.871
ISR,NY.GDP.MKTP.CD,2021,489735019666.026
ISR,NY.GDP.MKTP.CD,2020,410908899711.272
ISR,NY.GDP.MKTP.CD,2019,399207771081.611
ISR,NY.GDP.MKTP.CD,2018,375470422244.408
ISR,NY.GDP.MKTP.CD,2017,357360816856.642
ISR,NY.GDP.MKTP.CD,2016,321083954798.337
EGY,NY.GDP.PETR.RT.ZS,2021,2.98581458250197
EGY,NY.GDP.PETR.RT.ZS,2020,1.85770095140202
EGY,NY.GDP.PETR.RT.ZS,2019,3.8819618632175
EGY,NY.GDP.PETR.RT.ZS,2018,5.47658822874947
EGY,NY.GDP.PETR.RT.ZS,2017,4.12683269397819
EGY,NY.GDP.PETR.RT.ZS,2016,2.35006516963224
EGY,NY.GDP.PETR.RT.ZS,2015,3.05526433674059
EGY,NY.GDP.PETR.RT.ZS,2014,6.82340013626772
EGY,NY.GDP.PETR.RT.ZS,2013,7.82863019779494
EGY,NY.GDP.PETR.RT.ZS,2012,8.38345897037217
EGY,BX.KLT.DINV.WD.GD.ZS,2025,4.23066505478546
EGY,BX.KLT.DINV.WD.GD.ZS,2024,11.9719351009449
EGY,BX.KLT.DINV.WD.GD.ZS,2023,2.48546400695984
EGY,BX.KLT.DINV.WD.GD.ZS,2022,2.39118080969079
EGY,BX.KLT.DINV.WD.GD.ZS,2021,1.20617861055665
EGY,BX.KLT.DINV.WD.GD.ZS,2020,1.52462948997172
EGY,BX.KLT.DINV.WD.GD.ZS,2019,2.82732944960686
EGY,BX.KLT.DINV.WD.GD.ZS,2018,3.10040077579187
EGY,BX.KLT.DINV.WD.GD.ZS,2017,2.98301550917695
EGY,BX.KLT.DINV.WD.GD.ZS,2016,2.43856278142762
EGY,NY.GDP.MKTP.CD,2025,365254630179.737
EGY,NY.GDP.MKTP.CD,2024,389059910593.1
EGY,NY.GDP.MKTP.CD,2023,395926071447.591
EGY,NY.GDP.MKTP.CD,2022,476747720364.742
EGY,NY.GDP.MKTP.CD,2021,424671765455.704
EGY,NY.GDP.MKTP.CD,2020,383817841547.099
EGY,NY.GDP.MKTP.CD,2019,318678815489.749
EGY,NY.GDP.MKTP.CD,2018,262588632526.73
EGY,NY.GDP.MKTP.CD,2017,248362771739.13
EGY,NY.GDP.MKTP.CD,2016,332441717791.411
JOR,NY.GDP.PETR.RT.ZS,2021,0.0143633135367042
JOR,NY.GDP.PETR.RT.ZS,2020,0.000467720334463903
JOR,NY.GDP.PETR.RT.ZS,2019,0.000787731412940435
JOR,NY.GDP.PETR.RT.ZS,2018,0.000980515945675632
JOR,NY.GDP.PETR.RT.ZS,2017,0.000211794657558038
JOR,NY.GDP.PETR.RT.ZS,2016,0.000250812593463262
JOR,NY.GDP.PETR.RT.ZS,2015,0.000429911043278417
JOR,NY.GDP.PETR.RT.ZS,2014,0.00161998790264992
JOR,NY.GDP.PETR.RT.ZS,2013,0.00191267840155804
JOR,NY.GDP.PETR.RT.ZS,2012,0.00247522898810274
JOR,BX.KLT.DINV.WD.GD.ZS,2024,2.78862682935517
JOR,BX.KLT.DINV.WD.GD.ZS,2023,3.57486440635924
JOR,BX.KLT.DINV.WD.GD.ZS,2022,1.79856207883079
JOR,BX.KLT.DINV.WD.GD.ZS,2021,1.22641995478769
JOR,BX.KLT.DINV.WD.GD.ZS,2020,1.58617483665323
JOR,BX.KLT.DINV.WD.GD.ZS,2019,1.50023479065386
JOR,BX.KLT.DINV.WD.GD.ZS,2018,2.01309678009089
JOR,BX.KLT.DINV.WD.GD.ZS,2017,4.45743038303198
JOR,BX.KLT.DINV.WD.GD.ZS,2016,3.554614581726
JOR,BX.KLT.DINV.WD.GD.ZS,2015,3.77477904735167
JOR,NY.GDP.MKTP.CD,2025,61610052535.2113
JOR,NY.GDP.MKTP.CD,2024,58618380563.3803
JOR,NY.GDP.MKTP.CD,2023,56123472112.6761
JOR,NY.GDP.MKTP.CD,2022,53516930140.8451
JOR,NY.GDP.MKTP.CD,2021,50702940985.9155
JOR,NY.GDP.MKTP.CD,2020,47931770985.9155
JOR,NY.GDP.MKTP.CD,2019,48640273802.8169
JOR,NY.GDP.MKTP.CD,2018,47435850422.5352
JOR,NY.GDP.MKTP.CD,2017,45535614366.1972
JOR,NY.GDP.MKTP.CD,2016,43688498732.3944
IRQ,NY.GDP.PETR.RT.ZS,2021,42.7870984915076
IRQ,NY.GDP.PETR.RT.ZS,2020,27.035001916172
IRQ,NY.GDP.PETR.RT.ZS,2019,40.2312783051026
IRQ,NY.GDP.PETR.RT.ZS,2018,45.7658631354446
IRQ,NY.GDP.PETR.RT.ZS,2017,38.9203120843433
IRQ,NY.GDP.PETR.RT.ZS,2016,32.9650560560142
IRQ,NY.GDP.PETR.RT.ZS,2015,37.2575416723352
IRQ,NY.GDP.PETR.RT.ZS,2014,46.6038527995508
IRQ,NY.GDP.PETR.RT.ZS,2013,45.3313602184612
IRQ,NY.GDP.PETR.RT.ZS,2012,49.6110993818029
IRQ,BX.KLT.DINV.WD.GD.ZS,2024,-2.73525447039729
IRQ,BX.KLT.DINV.WD.GD.ZS,2023,-1.99474822313262
IRQ,BX.KLT.DINV.WD.GD.ZS,2022,-0.726653366772653
IRQ,BX.KLT.DINV.WD.GD.ZS,2021,-1.25770209772783
IRQ,BX.KLT.DINV.WD.GD.ZS,2020,-1.58049696252586
IRQ,BX.KLT.DINV.WD.GD.ZS,2019,-1.31640616709339
IRQ,BX.KLT.DINV.WD.GD.ZS,2018,-2.14854834807913
IRQ,BX.KLT.DINV.WD.GD.ZS,2017,-2.68799428357231
IRQ,BX.KLT.DINV.WD.GD.ZS,2016,-3.75180911604806
IRQ,BX.KLT.DINV.WD.GD.ZS,2015,-4.54159235443502
IRQ,NY.GDP.MKTP.CD,2025,254367293538.462
IRQ,NY.GDP.MKTP.CD,2024,279641257615.385
IRQ,NY.GDP.MKTP.CD,2023,268881051643.549
IRQ,NY.GDP.MKTP.CD,2022,287372232137.931
IRQ,NY.GDP.MKTP.CD,2021,209691945713.103
IRQ,NY.GDP.MKTP.CD,2020,180898797516.874
IRQ,NY.GDP.MKTP.CD,2019,233636097800.338
IRQ,NY.GDP.MKTP.CD,2018,227367469034.031
IRQ,NY.GDP.MKTP.CD,2017,187217660050.676
IRQ,NY.GDP.MKTP.CD,2016,166743557747.671
LBN,NY.GDP.PETR.RT.ZS,2021,0
LBN,NY.GDP.PETR.RT.ZS,2020,0
LBN,NY.GDP.PETR.RT.ZS,2019,0
LBN,NY.GDP.PETR.RT.ZS,2018,0
LBN,NY.GDP.PETR.RT.ZS,2017,0
LBN,NY.GDP.PETR.RT.ZS,2016,0
LBN,NY.GDP.PETR.RT.ZS,2015,0
LBN,NY.GDP.PETR.RT.ZS,2014,0
LBN,NY.GDP.PETR.RT.ZS,2013,0
LBN,NY.GDP.PETR.RT.ZS,2012,0
LBN,BX.KLT.DINV.WD.GD.ZS,2024,7.09437049742925
LBN,BX.KLT.DINV.WD.GD.ZS,2023,3.26435467389127
LBN,BX.KLT.DINV.WD.GD.ZS,2022,2.50966160641735
LBN,BX.KLT.DINV.WD.GD.ZS,2021,2.5929006838647
LBN,BX.KLT.DINV.WD.GD.ZS,2020,5.06712986613403
LBN,BX.KLT.DINV.WD.GD.ZS,2019,3.69413245000342
LBN,BX.KLT.DINV.WD.GD.ZS,2018,4.84140308956364
LBN,BX.KLT.DINV.WD.GD.ZS,2017,4.756779140202
LBN,BX.KLT.DINV.WD.GD.ZS,2016,5.02174040562454
LBN,BX.KLT.DINV.WD.GD.ZS,2015,4.32469174487594
LBN,NY.GDP.MKTP.CD,2024,25971643441.3408
LBN,NY.GDP.MKTP.CD,2023,20078620356.9931
LBN,NY.GDP.MKTP.CD,2022,20992421948.8081
LBN,NY.GDP.MKTP.CD,2021,23131941556.7843
LBN,NY.GDP.MKTP.CD,2020,31712128253.7961
LBN,NY.GDP.MKTP.CD,2019,51605959131.2741
LBN,NY.GDP.MKTP.CD,2018,54901519155.5556
LBN,NY.GDP.MKTP.CD,2017,53027680685.9038
LBN,NY.GDP.MKTP.CD,2016,51147308774.1294
LBN,NY.GDP.MKTP.CD,2015,49929337836.8159
SYR,NY.GDP.PETR.RT.ZS,2020,4.01504490668102
SYR,NY.GDP.PETR.RT.ZS,2019,2.46515545695966
SYR,NY.GDP.PETR.RT.ZS,2018,1.87604739024899
SYR,NY.GDP.PETR.RT.ZS,2017,1.8857145317546
SYR,NY.GDP.PETR.RT.ZS,2016,1.84950445227804
SYR,NY.GDP.PETR.RT.ZS,2015,1.97169808202096
SYR,NY.GDP.PETR.RT.ZS,2014,3.75849764649316
SYR,NY.GDP.PETR.RT.ZS,2013,8.17348065756745
SYR,NY.GDP.PETR.RT.ZS,2012,13.5972766904663
SYR,NY.GDP.PETR.RT.ZS,2011,18.8708007318397
SYR,BX.KLT.DINV.WD.GD.ZS,2011,1.19065647696386
SYR,BX.KLT.DINV.WD.GD.ZS,2010,2.39318605915641
SYR,BX.KLT.DINV.WD.GD.ZS,2009,4.74859831098406
SYR,BX.KLT.DINV.WD.GD.ZS,2008,2.78858746768108
SYR,BX.KLT.DINV.WD.GD.ZS,2007,3.06919301979067
SYR,BX.KLT.DINV.WD.GD.ZS,2006,1.95248771023816
SYR,BX.KLT.DINV.WD.GD.ZS,2005,1.73256551809714
SYR,BX.KLT.DINV.WD.GD.ZS,2004,1.09618918826235
SYR,BX.KLT.DINV.WD.GD.ZS,2003,0.732998623113997
SYR,BX.KLT.DINV.WD.GD.ZS,2002,0.553230741540677
SYR,NY.GDP.MKTP.CD,2022,23737634644.3994
SYR,NY.GDP.MKTP.CD,2021,14892885528.1402
SYR,NY.GDP.MKTP.CD,2020,12501503673.2425
SYR,NY.GDP.MKTP.CD,2019,22583046644.6891
SYR,NY.GDP.MKTP.CD,2018,21497779247.9835
SYR,NY.GDP.MKTP.CD,2017,16369842725.4718
SYR,NY.GDP.MKTP.CD,2016,12597854088.3602
SYR,NY.GDP.MKTP.CD,2015,16466861435.0236
SYR,NY.GDP.MKTP.CD,2014,21502061466.067
SYR,NY.GDP.MKTP.CD,2013,21361254634.9336
IRN,NY.GDP.PETR.RT.ZS,2021,18.2658980929233
IRN,NY.GDP.PETR.RT.ZS,2020,13.2733495355914
IRN,NY.GDP.PETR.RT.ZS,2019,20.0780490508657
IRN,NY.GDP.PETR.RT.ZS,2018,27.6646471563106
IRN,NY.GDP.PETR.RT.ZS,2017,14.6204399688795
IRN,NY.GDP.PETR.RT.ZS,2016,10.8895031509112
IRN,NY.GDP.PETR.RT.ZS,2015,12.2663527393474
IRN,NY.GDP.PETR.RT.ZS,2014,21.2353758265799
IRN,NY.GDP.PETR.RT.ZS,2013,21.2565665523955
IRN,NY.GDP.PETR.RT.ZS,2012,18.4120723402826
IRN,BX.KLT.DINV.WD.GD.ZS,2024,0.304914200880697
IRN,BX.KLT.DINV.WD.GD.ZS,2023,0.310885408088419
IRN,BX.KLT.DINV.WD.GD.ZS,2022,0.354893288694741
IRN,BX.KLT.DINV.WD.GD.ZS,2021,0.34982143161472
IRN,BX.KLT.DINV.WD.GD.ZS,2020,0.47769170946132
IRN,BX.KLT.DINV.WD.GD.ZS,2019,0.433347777066285
IRN,BX.KLT.DINV.WD.GD.ZS,2018,0.576106085876311
IRN,BX.KLT.DINV.WD.GD.ZS,2017,0.983654956177998
IRN,BX.KLT.DINV.WD.GD.ZS,2016,0.70452835935243
IRN,BX.KLT.DINV.WD.GD.ZS,2015,0.500987695412685
IRN,NY.GDP.MKTP.CD,2025,362682115433.364
IRN,NY.GDP.MKTP.CD,2024,475252089215.416
IRN,NY.GDP.MKTP.CD,2023,457510482317.483
IRN,NY.GDP.MKTP.CD,2022,422662261525.665
IRN,NY.GDP.MKTP.CD,2021,407350685583.335
IRN,NY.GDP.MKTP.CD,2020,280934329279.723
IRN,NY.GDP.MKTP.CD,2019,347988400957.999
IRN,NY.GDP.MKTP.CD,2018,411903303606.044
IRN,NY.GDP.MKTP.CD,2017,510239893417.645
IRN,NY.GDP.MKTP.CD,2016,478618064870.999
YEM,NY.GDP.PETR.RT.ZS,2018,4.82356153067882
YEM,NY.GDP.PETR.RT.ZS,2017,1.91730246407045
YEM,NY.GDP.PETR.RT.ZS,2016,0.710184776557765
YEM,NY.GDP.PETR.RT.ZS,2015,1.69761197489757
YEM,NY.GDP.PETR.RT.ZS,2014,9.0008580090252
YEM,NY.GDP.PETR.RT.ZS,2013,11.1124026574675
YEM,NY.GDP.PETR.RT.ZS,2012,17.0272517537375
YEM,NY.GDP.PETR.RT.ZS,2011,23.3981676874913
YEM,NY.GDP.PETR.RT.ZS,2010,22.1800547456639
YEM,NY.GDP.PETR.RT.ZS,2009,20.6195697250514
YEM,BX.KLT.DINV.WD.GD.ZS,2018,-1.30563839823089
YEM,BX.KLT.DINV.WD.GD.ZS,2017,-1.00531889341895
YEM,BX.KLT.DINV.WD.GD.ZS,2016,-1.79131212045889
YEM,BX.KLT.DINV.WD.GD.ZS,2015,-0.0363882528160336
YEM,BX.KLT.DINV.WD.GD.ZS,2014,-0.539237328374498
YEM,BX.KLT.DINV.WD.GD.ZS,2013,-0.330496410064222
YEM,BX.KLT.DINV.WD.GD.ZS,2012,-0.0402221829314871
YEM,BX.KLT.DINV.WD.GD.ZS,2011,-1.58233916831705
YEM,BX.KLT.DINV.WD.GD.ZS,2010,0.610357927076417
YEM,BX.KLT.DINV.WD.GD.ZS,2009,0.51412085018398
YEM,NY.GDP.MKTP.CD,2018,21606160663.0318
YEM,NY.GDP.MKTP.CD,2017,26842229044.5848
YEM,NY.GDP.MKTP.CD,2016,31317825274.1507
YEM,NY.GDP.MKTP.CD,2015,42444490073.8555
YEM,NY.GDP.MKTP.CD,2014,43228585321.3272
YEM,NY.GDP.MKTP.CD,2013,40415233436.1767
YEM,NY.GDP.MKTP.CD,2012,35401331609.5916
YEM,NY.GDP.MKTP.CD,2011,32726417878.391
YEM,NY.GDP.MKTP.CD,2010,30906749533.221
YEM,NY.GDP.MKTP.CD,2009,25130278212.5575
AFG,NY.GDP.PETR.RT.ZS,2021,0.0178695056581909
AFG,NY.GDP.PETR.RT.ZS,2020,0.00517761905886768
AFG,NY.GDP.PETR.RT.ZS,2019,0.0127772897517024
AFG,NY.GDP.PETR.RT.ZS,2018,0.018854416706035
AFG,NY.GDP.PETR.RT.ZS,2017,0.0134270806666745
AFG,NY.GDP.PETR.RT.ZS,2016,0.00944508042929387
AFG,NY.GDP.PETR.RT.ZS,2015,0.0136357996041316
AFG,NY.GDP.PETR.RT.ZS,2014,0.0407438655716957
AFG,NY.GDP.PETR.RT.ZS,2013,0.0672901618424767
AFG,NY.GDP.PETR.RT.ZS,2012,0.109823883946021
AFG,BX.KLT.DINV.WD.GD.ZS,2021,0.144466946606861
AFG,BX.KLT.DINV.WD.GD.ZS,2020,0.0649939571808755
AFG,BX.KLT.DINV.WD.GD.ZS,2019,0.124495985291258
AFG,BX.KLT.DINV.WD.GD.ZS,2018,0.661572217787196
AFG,BX.KLT.DINV.WD.GD.ZS,2017,0.274796791572807
AFG,BX.KLT.DINV.WD.GD.ZS,2016,0.516606084523093
AFG,BX.KLT.DINV.WD.GD.ZS,2015,0.88400046336123
AFG,BX.KLT.DINV.WD.GD.ZS,2014,0.209664794672203
AFG,BX.KLT.DINV.WD.GD.ZS,2013,0.239801184405551
AFG,BX.KLT.DINV.WD.GD.ZS,2012,0.285440893554571
AFG,NY.GDP.MKTP.CD,2024,17778508875.7396
AFG,NY.GDP.MKTP.CD,2023,17152234636.8715
AFG,NY.GDP.MKTP.CD,2022,14497243872.1337
AFG,NY.GDP.MKTP.CD,2021,14259995441.0759
AFG,NY.GDP.MKTP.CD,2020,19955929052.1496
AFG,NY.GDP.MKTP.CD,2019,18799444490.1128
AFG,NY.GDP.MKTP.CD,2018,18053222687.4126
AFG,NY.GDP.MKTP.CD,2017,18753456497.8159
AFG,NY.GDP.MKTP.CD,2016,18116572395.0772
AFG,NY.GDP.MKTP.CD,2015,19134221644.7325
