date,title,category,direction,countries,summary,source_name,source_url
2024-12-02,"BIS third major 2024 China semiconductor package: 140 Entity List additions, new FDP rules",Regulatory Framework,Tightening,Global (incl. all 17 tracked countries),"BIS issued a package of rules to impair China's ability to produce advanced-node semiconductors: two new Foreign-Direct Product rules, 140 additions to the Entity List, and new controls on high-bandwidth memory, supercomputers, and semiconductor manufacturing equipment, effective December 2, 2024. The rules extended license requirements for advanced computing items to any worldwide destination meeting certain criteria, forming the regulatory baseline the Biden AI Diffusion Rule (January 2025) and subsequent Trump-era actions built on.",Bureau of Industry and Security (BIS) -- Commerce Strengthens Export Controls to Restrict China's Capability to Produce Advanced Semiconductors for Military Applications,https://www.bis.gov/press-release/commerce-strengthens-export-controls-restrict-chinas-capability-produce-advanced-semiconductors-military
2025-01-15,Biden Administration issues the AI Diffusion Rule,Regulatory Framework,Tightening,Global (incl. all 8 tracked countries),"BIS issued a worldwide licensing framework for advanced semiconductors and AI computing commodities, sorting nearly every country into a small number of access tiers. Enforcement was set to begin 15 May 2025.",O'Melveny -- Trump Administration Modifies Direction of Regulating AI Chips,https://www.omm.com/insights/alerts-publications/trump-administration-modifies-direction-of-regulating-ai-chips/
2025-05-08,Chip Security Act companion bill (S. 1705) introduced in the Senate,Legislation,Tightening,United States (export-control implications for all 17 tracked countries),"Senator Tom Cotton (R-AR) introduced the Senate companion to the House Chip Security Act, requiring the Secretary of Commerce to issue standards for location-verification mechanisms on advanced integrated-circuit products to detect and deter diversion to unauthorized destinations.","Congress.gov -- S.1705, Chip Security Act (119th Congress)",https://www.congress.gov/bill/119th-congress/senate-bill/1705
2025-05-13,Trump Administration rescinds the AI Diffusion Rule,Regulatory Framework,Loosening,Global (incl. all 8 tracked countries),"BIS announced rescission of the Biden-era AI Diffusion Rule days before its enforcement date, citing over-complexity and diplomatic friction. This reopened the door to the bilateral, entity-specific dealmaking that produced the HUMAIN and UAE authorizations later in 2025 and 2026.",TechCrunch -- Trump administration officially rescinds Biden's AI diffusion rules,https://techcrunch.com/2025/05/13/trump-administration-officially-rescinds-bidens-ai-diffusion-rules/
2025-05-13,"Nvidia agrees to supply Saudi Arabia's Humain with 18,000 GB300 Blackwell chips",Bilateral Authorization,Loosening,Saudi Arabia,"During President Trump's Gulf trip, Nvidia CEO Jensen Huang announced Nvidia would ship over 18,000 GB300 Blackwell AI chips to Saudi AI venture Humain for a 500-megawatt data-center buildout, with several hundred thousand more chips planned over five years -- a deal enabled by the Trump administration's shift away from the Biden-era AI Diffusion Rule (formally rescinded the same week).","CNBC -- Nvidia sending 18,000 of its top AI chips to Saudi Arabia",https://www.cnbc.com/2025/05/13/nvidia-blackwell-ai-chips-saudi-arabia.html
2025-05-15,Chip Security Act (H.R. 3447) introduced in the House,Legislation,Tightening,United States (export-control implications for all 8 tracked countries),Reps. Bill Huizenga (R-MI) and Bill Foster (D-IL) introduced bipartisan legislation requiring advanced AI chips to carry location-verification mechanisms to detect and prevent diversion to unauthorized countries and end users.,GovTrack -- Chip Security Act (H.R. 3447),https://www.govtrack.us/congress/bills/119/hr3447
2025-09-02,BIS final rule substantially relaxes export controls on Syria,Regulatory Framework,Loosening,Syria,"Following President Trump's June 2025 executive order revoking comprehensive Syria sanctions, BIS issued a final rule easing Export Administration Regulations controls on Syria, removing license requirements for most civilian-use U.S.-origin goods, software, and technology and facilitating license approvals for telecommunications, power, and civil-aviation-related exports.",Bureau of Industry and Security (BIS) -- Commerce Eases Export Controls on Syria,https://www.bis.gov/press-release/commerce-eases-export-controls-syria
2025-10-09,Senate passes GAIN AI Act as an amendment to the FY2026 NDAA,Legislation,Tightening,United States (export-control implications for all 17 tracked countries),"The Senate adopted Sen. Jim Banks and Sen. Elizabeth Warren's Guaranteeing Access and Innovation for National AI (GAIN AI) Act as an amendment to the FY2026 National Defense Authorization Act, requiring chipmakers to fully satisfy U.S. customer orders -- and requiring export licenses to arms-embargoed and comprehensively sanctioned countries, including Iran and Syria -- before prioritizing sales abroad.",Nextgov/FCW -- AI export control bill passes Senate as NDAA amendment,https://www.nextgov.com/artificial-intelligence/2025/10/ai-export-control-bill-passes-senate-ndaa-amendment/408762/
2025-10-10,BIS issues first Nvidia AI-chip export licenses to the UAE under the AI Acceleration Partnership,Bilateral Authorization,Loosening,United Arab Emirates,"BIS issued Nvidia's first export licenses for advanced AI chips destined for the UAE since the start of the Trump administration, granted under the US-UAE AI Acceleration Partnership signed during Trump's May 2025 visit and reported as worth several billion dollars -- enabling initial GPU shipments toward the Stargate UAE data-center project.",DataCenterDynamics -- Department of Commerce issues export licenses for Nvidia chips destined for the UAE,https://www.datacenterdynamics.com/en/news/department-of-commerce-issues-export-licenses-for-nvidia-chips-destined-for-the-uae/
2025-11-06,GAIN AI Act of 2025 (S. 3150) introduced as standalone Senate bill,Legislation,Tightening,United States (export-control implications for all 17 tracked countries),"Sen. Jim Banks, with bipartisan cosponsors including Sens. Warren, Cotton, Schumer, McCormick, and Coons, introduced the standalone GAIN AI Act of 2025, requiring exporters of advanced AI chips to certify that U.S. purchasers' demand is met before chips can be sold to licensees in countries of concern, including arms-embargoed and comprehensively sanctioned destinations.","Congress.gov -- S.3150, GAIN AI Act of 2025 (119th Congress)",https://www.congress.gov/bill/119th-congress/senate-bill/3150
2025-11-19,Saudi HUMAIN and UAE G42 authorized for capped advanced-chip purchases,Bilateral Authorization,Loosening,Saudi Arabia; United Arab Emirates,"Commerce authorized HUMAIN (Saudi Arabia) and G42 (UAE) to each purchase up to the equivalent of 35,000 Nvidia GB300-class accelerators, subject to security and reporting conditions and BIS compliance monitoring -- capped and entity-specific, not a country-wide rule.",Vision2030.ai -- US Chip Export Controls: Saudi-UAE Divergence,https://vision2030.ai/geopolitics/us-chip-export-controls-saudi-uae-divergence/
2025-12-08,DOJ Operation Gatekeeper dismantles $160m AI-chip-smuggling network to China,Enforcement Action,Tightening,United States; China (destination),"DOJ announced the takedown of a China-linked smuggling network that moved at least $160 million in export-controlled Nvidia H100 and H200 GPUs out of the United States using straw purchasers and rebranding schemes; a Texas-based operator pleaded guilty and roughly $50 million in GPUs were seized, with two additional defendants charged.","U.S. Department of Justice -- Office of Public Affairs, U.S. Authorities Shut Down Major China-Linked AI Tech Smuggling Network",https://www.justice.gov/opa/pr/us-authorities-shut-down-major-china-linked-ai-tech-smuggling-network
2026-03-19,DOJ unseals $2.5bn AI-chip-smuggling indictment linked to Super Micro,Enforcement Action,Tightening,United States; China (destination),"Three men connected to server manufacturer Super Micro were indicted for conspiring to illegally ship AI servers containing Nvidia chips worth $2.5bn to Chinese customers between 2024-2025, allegedly rerouted through a Southeast Asian intermediary.",U.S. Department of Justice -- Office of Public Affairs press release,https://www.justice.gov/opa/pr/chinese-national-and-two-us-citizens-charged-conspiring-smuggle-artificial-intelligence
2026-03-22,Second chip-smuggling case: Thailand-routed diversion scheme,Enforcement Action,Tightening,United States; Thailand (transit); China (destination),A Hong Kong national and two US citizens were arrested following an FBI investigation for ordering roughly 750 servers worth ~$170m and signing false certifications that the equipment was not destined for China.,Eastern Herald -- US Exposes Massive AI Chip Smuggling Network to China,https://easternherald.com/2026/03/26/us-ai-chip-smuggling-china-doj-case/
2026-03-26,House Foreign Affairs Committee marks up the Chip Security Act,Legislation,Tightening,United States (export-control implications for all 8 tracked countries),"The committee advanced H.R. 3447 toward a full House vote, roughly ten months after introduction and one week after the Super Micro-linked smuggling indictment -- the enforcement case is widely read as having accelerated the bill's committee movement.","FDD Action -- Support H.R. 3447, the Chip Security Act, and Other Measures",https://www.fddaction.org/action-alert/2026/03/25/action-alert-support-h-r-3447-and-other-measures/
2026-07-10,"UAE upgraded to BIS Country Group A:5, removed from D:3/D:4",Regulatory Framework,Loosening,United Arab Emirates,"BIS moved the UAE into Country Group A:5 and named G42, Core42, and eight US AI firms as approved end users eligible for license-free advanced-chip access under a new Advanced Computing Items exception -- the most favorable export-control status of any country in this tracker, though still entity-specific rather than unconditional.",Steptoe -- Commerce Upgrades the UAE to Favorable Export Control Status,https://www.steptoe.com/en/news-publications/international-compliance-blog/department-of-commerce-upgrades-the-uae-to-favorable-export-control-status-under-the-ear.html
